<?xml version="1.0" encoding="UTF-8"?>
<!--;;=====================================================================;;-!>
;;============================== UDL for LPub3D ==============================;;
;;============================================================================;;
;;
;; * User Defined Language for LPub3D meta commands for
;;   LDraw (*.ldr), Multi Part Document (*.mpd) and Part (.dat) files.
;;
;; * Place this file in the '\userDefineLangs' folder (for version >= 7.6.4) or
;;   import it by the 'Language' > 'Define your language...' > 'Import...' menu
;;   (for any version)
;;
;;============================================================================;;
;;
;; Author......: Trevor SANDY
;; Name........: LPub3D_Npp_UDL.xml
;; Version.....: 2.4.7.75.3551
;; Last Update.: Mon, 04 Sep 2023 20:10:15 +0200
;; License.....: GPLv3
;; Homepage....: https://trevorsandy.github.io/lpub3d
;; Copyright (C) 2021 - 2023 by Trevor SANDY
;;
<-;;=======================================================================;;-->
<NotepadPlus>
    <UserLang name="LPUB3D" ext="mpd ldr dat" udlVersion="2.1">
        <Settings>
            <Global caseIgnored="no" allowFoldOfComments="yes" foldCompact="yes" forcePureLC="0" decimalSeparator="0" />
            <Prefix Keywords1="no" Keywords2="no" Keywords3="no" Keywords4="no" Keywords5="no" Keywords6="no" Keywords7="no" Keywords8="no" />
        </Settings>
        <KeywordLists>
            <Keywords name="Comments">00// 01 02((EOL)) 03/* 04*/</Keywords>
            <Keywords name="Numbers, prefix1">#</Keywords>
            <Keywords name="Numbers, prefix2"># 0x</Keywords>
            <Keywords name="Numbers, extras1">A B C D E F a b c d e f</Keywords>
            <Keywords name="Numbers, extras2"></Keywords>
            <Keywords name="Numbers, suffix1"></Keywords>
            <Keywords name="Numbers, suffix2">,</Keywords>
            <Keywords name="Numbers, range">-</Keywords>
            <Keywords name="Operators1"></Keywords>
            <Keywords name="Operators2"></Keywords>
            <Keywords name="Folders in code1, open"></Keywords>
            <Keywords name="Folders in code1, middle"></Keywords>
            <Keywords name="Folders in code1, close"></Keywords>
            <Keywords name="Folders in code2, open">FILE &quot;MULTI_STEP BEGIN&quot; &quot;CALLOUT BEGIN&quot; &quot;BUILD_MOD BEGIN&quot; &quot;PART BEGIN&quot; &quot;PLI BEGIN&quot; &quot;GROUP BEGIN&quot;</Keywords>
            <Keywords name="Folders in code2, middle">&quot;BUILD_MOD END_MOD&quot;</Keywords>
            <Keywords name="Folders in code2, close">NOFILE &quot;MULTI_STEP END&quot; &quot;CALLOUT END&quot; &quot;BUILD_MOD END&quot; &quot;PART END&quot; &quot;PLI END&quot; &quot;GROUP END&quot;</Keywords>
            <Keywords name="Folders in comment, open"></Keywords>
            <Keywords name="Folders in comment, middle"></Keywords>
            <Keywords name="Folders in comment, close"></Keywords>
            <Keywords name="Keywords1">ADJUST_ON_ITEM_OFFSET ALLOC ANGLE ANGLE_KEY ANNOTATE ANNOTATION APP_PLUG APP_PLUG_IMAGE APPLY AREA AREA_COLUMNS AREA_GRID_KEY AREA_ROWS ARROW ASPECT ASSEM ASSEMBLED AT_MODEL AT_STEP AT_TOP ATTRIBUTE_PIXMAP ATTRIBUTE_TEXT AUTHOR AUTOMATE_EDGE_COLOR AXLE BACK BACKGROUND BASE_BOTTOM BASE_LEFT BASE_RIGHT BASE_TOP BEAM BEGIN BLACK_EDGE_COLOR BOM BORDER BOTTOM BOTTOM_LEFT BOTTOM_RIGHT BRICKLINK BRING_TO_FRONT BUFEXCHG BUILD_MOD BUILD_MOD_ENABLED CABLE CALLOUT CALLOUT_INSTANCE CALLOUT_POINTER CALLOUT_UNDERPINNING CAMERA CAMERA_ANGLES CAMERA_DISTANCE CAMERA_DEFAULT_DISTANCE_FACTOR CAMERA_DISTANCE_NATIVE CAMERA_FOV CAMERA_NAME CAMERA_ORTHOGRAPHIC CAMERA_POSITION CAMERA_TARGET CAMERA_UPVECTOR CAMERA_ZFAR CAMERA_ZNEAR CENTER CHAIN CIRCLE_STYLE CLEAR COLOR COLOR_LIGHT_DARK_INDEX COLOR_RGB COLOR_RGB_KEY COLS COMMENT CONNECTOR CONSOLIDATE_INSTANCE_COUNT CONSOLIDATE_INSTANCE_COUNT_BY_COLOR CONSTRAIN CONTENT CONTINUOUS_STEP_NUMBERS CONTRAST COUNT_GROUP_STEPS COVER_PAGE COVER_PAGE_MODEL_VIEW_ENABLED CROSS CSI_ANNOTATION CSI_ANNOTATION_PART CUSTOM_LENGTH CUTOFF_DISTANCE CUTOFF_DISTANCE_KEY DARK_EDGE_COLOR DASH DASH_DOT DASH_DOT_DOT DESCRIPTION DIFFUSE DIFFUSE_KEY DISPLAY DISPLAY_MODEL DISPLAY_PAGE_NUMBER DIVIDER DIVIDER_ITEM DIVIDER_LINE DIVIDER_POINTER DIVIDER_POINTER_ATTRIBUTE DOCUMENT_AUTHOR DOCUMENT_AUTHOR_BACK DOCUMENT_AUTHOR_FRONT DOCUMENT_COVER_IMAGE DOCUMENT_LOGO DOCUMENT_LOGO_BACK DOCUMENT_LOGO_FRONT DOCUMENT_TITLE DOCUMENT_TITLE_BACK DOCUMENT_TITLE_FRONT DOT DPCM DPI EDGE_COLOR ELECTRIC_CABLE ELEMENT ELEMENT_STYLE ENABLE ENABLE_SETTING ENABLE_STYLE ENABLE_TEXT_PLACEMENT ENABLE ENABLED END END_MOD EXTENDED FADE_STEPS FIBER_OPTIC_CABLE FILE FILL FINAL_MODEL_ENABLED FIXED_ANNOTATIONS FLATTENED_LOGO FLEX_CABLE FLEXIBLE_AXLE FLEXIBLE_TUBE FONT FONT_COLOR FOR_SUBMODEL FOV FREEFORM FRONT GENERATED GRADIENT GROUP GROUP_DEF GROUP_NXT GROUP_OBJ HEIGHT HIDDEN HIDE HIDE_TIP HIGH_CONTRAST HIGH_CONTRAST_WITH_LOGO HIGHLIGHT_STEP HOME HORIZONTAL HOSE HTML_TEXT ICON ID IGN IMAGE IMAGE_SIZE INCLUDE INCLUDE_SUBMODELS INSERT INSIDE INSTANCE_COUNT JUSTIFY_CENTER JUSTIFY_CENTER_HORIZONTAL JUSTIFY_CENTER_VERTICAL JUSTIFY_LEFT JUSTIFY_Y_AXIS_OUTSIDE_PLACEMENT_MULTIPLE_RANGES LANDSCAPE LDGLITE LDGLITE_PARMS LDRAW_TYPE LDVIEW LDVIEW_PARMS LDVIEW_POV_GENERATOR LEFT LEGO LEGO_DISCLAIMER LIGHT LINE LINE_WIDTH LOAD_UNOFFICIAL_PARTS_IN_EDITOR LOCAL_LEGO_ELEMENTS_FILE LPUB_FADE LPUB_HIGHLIGHT MARGINS MARKER MODEL MODEL_CATEGORY MODEL_DESCRIPTION MODEL_ID MODEL_PARTS MODEL_SCALE MODEL_STEP_NUMBER MULTI_STEP MULTI_STEPS NAME NATIVE NONE NUMBER OFFSET OPACITY ORIENTATION ORTHOGRAPHIC OUTLINE_LOGO OUTSIDE PAGE PAGE_FOOTER PAGE_HEADER PAGE_LENGTH PAGE_NUMBER PAGE_POINTER PANEL PARSE_NOSTEP PART PART_ELEMENTS PART_GROUP PART_GROUP_ENABLE PART_ROTATION PATH_ANCHOR PATH_CAP PATH_LENGTH PATH_POINT PATH_SKIN PER_STEP PICTURE PIECE PIVOT PLACEMENT PLAIN PLASTIC_TREAD PLI PLI_ANNOTATION PLI_GRABBER PLI_INSTANCE PLI_PART PLI_PART_GROUP PNEUMATIC_TUBE POINTER POINTER_ATTRIBUTE POINTER_BASE POINTER_GRABBER POINTER_HEAD POINTER_SEG_FIRST POINTER_SEG_SECOND POINTER_SEG_THIRD PORTRAIT POSITION POSITION_KEY POVRAY POV_RAY POVRAY_PARMS POWER POWER_KEY PREFERRED_RENDERER PRIMARY PRIMARY_DIRECTION PUBLISH_COPYRIGHT PUBLISH_COPYRIGHT_BACK PUBLISH_DESCRIPTION PUBLISH_EMAIL PUBLISH_EMAIL_BACK PUBLISH_URL PUBLISH_URL_BACK RADIUS RADIUS_AND_SPOT_BLEND_KEY RADIUS_KEY RANGE RECTANGLE_STYLE REMOVE RESERVE RESOLUTION RETRIEVE RIBBED_TUBE RICH_TEXT RIGHT RIGID_TUBE ROTATE_ICON ROTATED ROTATION_KEY ROTSTEP ROUND ROUNDED_TOP_LOGO RUBBER_BAND RUBBER_TREAD SATURATION SCALE SCENE SCRIPT SECONDARY SECONDARY_DIRECTION SEND_TO_BACK SEPARATOR SET_SUBMODEL_SUBSTITUTE_AS_UNOFFICIAL_PART SETUP SHAPE SHAPE_KEY SHARP_TOP_LOGO SHADOWLESS SHOW SHOW_GROUP_STEP_NUMBER SHOW_INSTANCE_COUNT SHOW_STEP_NUM SHOW_STEP_NUMBER SHOW_SUBMODEL_IN_CALLOUT SHOW_TOP_MODEL SILHOUETTE SINGLE_CALL SINGLE_CALL_EXPORT_LIST SINGLE_STEP SIZE SIZE_KEY SKIP_BEGIN SKIP_END SNAP_CLEAR SNAP_CLP SNAP_CYL SNAP_FGR SNAP_GEN SNAP_INCL SNAP_SPH SOLID SORT SORT_BY SORT_OPTION SORT_ORDER SPECULAR SPECULAR_KEY SPOT_BLEND SPOT_FALLOFF SPOT_FALLOFF_KEY SPOT_SIZE SPOT_SIZE_KEY SPOT_TIGHTNESS SPOT_TIGHTNESS_KEY SPRING_ANCHOR SPRING_CAP SPRING_POINT SPRING_SECTION SQUARE SQUARE_STYLE START_PAGE_NUMBER START_STEP_NUMBER STEP_GROUP STEP_HIDE STEP_NUMBER STEP_PLI STEP_RECTANGLE STEP_SIZE STEPS STORE STRENGTH STRENGTH_KEY STRETCH STUD_CYLINDER_COLOR STUD_STYLE STYLE SUB SUBMODEL_BACKGROUND_COLOR SUBMODEL_DISPLAY SUBMODEL_FONT SUBMODEL_FONT_COLOR SUBMODEL_GRABBER SUBMODEL_INST_COUNT SUBMODEL_INSTANCE SUBMODEL_INSTANCE_COUNT SUBMODEL_INSTANCE_COUNT_OVERRIDE SUBMODEL_ROTATION SYNTHESIZED TARGET_POSITION TARGET_POSITION_KEY TERTIARY TERTIARY_DIRECTION TEXT TEXT_PLACEMENT THICKNESS THIN_LINE_LOGO TILE TIP TOGGLE_PAGE_NUMBER_PLACEMENT TOP TOP_LEFT TOP_RIGHT TRANSPARENT TYPE TYPE_KEY UP_VECTOR UP_VECTOR_KEY USE USE_FREE_FORM USE_TITLE USE_TITLE_AND_FREE_FORM VERTICAL VIEW_ANGLE WHOLE WIDTH ZFAR ZNEAR</Keywords>
            <Keywords name="Keywords2">LOCAL GLOBAL</Keywords>
            <Keywords name="Keywords3">!LPUB LPUB PLIST !SYNTH SYNTH !LDCAD LDCAD !LEOCAD LEOCAD</Keywords>
            <Keywords name="Keywords4">FALSE TRUE</Keywords>
            <Keywords name="Keywords5">ALPHA Author: BFC !CATEGORY CCW CERTIFY CLEAR !CMDLINE CODE !COLOUR COLOUR CYLINDRICAL !DATA EDGE !FADE !HELP FALLBACK FILE !HELP !HISTORY !KEYWORDS !LDRAW_ORG LDRAW_ORG !LICENSE Name: NEXT NOFILE OFFICIAL &quot;ORIGINAL LDRAW&quot; PLANAR !SILHOUETTE SPHERICAL START !TEXMAP &quot;!TEXMAP END&quot; !THEME &quot;Unofficial Model&quot; &quot;unofficial model&quot; &quot;UNOFFICIAL MODEL&quot; UN-OFFICIAL UNOFFICIAL &quot;~MOVED TO&quot; &quot;~moved to&quot; &quot;~Moved To&quot; &quot;Unofficial Part&quot; &quot;unofficial part&quot; &quot;UNOFFICIAL PART&quot; &quot;Unofficial Subpart&quot; &quot;unofficial subpart&quot; &quot;UNOFFICIAL SUBPART&quot; &quot;Unofficial Shortcut&quot; &quot;unofficial shortcut&quot; &quot;UNOFFICIAL SHORTCUT&quot; &quot;Unofficial Primitive&quot; &quot;unofficial primitive&quot; &quot;UNOFFICIAL PRIMITIVE&quot; &quot;Unofficial 8_Primitive&quot; &quot;unofficial 8_primitive&quot; &quot;UNOFFICIAL 8_PRIMITIVE&quot; &quot;Unofficial 48_Primitive&quot; &quot;unofficial 48_primitive&quot; &quot;UNOFFICIAL 48_PRIMITIVE&quot; &quot;Unofficial Part Alias&quot; &quot;unofficial part alias&quot; &quot;UNOFFICIAL PART ALIAS&quot; &quot;Unofficial Shortcut Alias&quot; &quot;unofficial shortcut alias&quot; &quot;UNOFFICIAL SHORTCUT ALIAS&quot; &quot;Unofficial Shortcut Physical_Colour&quot; &quot;unofficial part physical_colour&quot; &quot;UNOFFICIAL PART PHYSICAL_COLOUR&quot; &quot;Unofficial Shortcut Physical_Colour&quot; &quot;unofficial shortcut physical_colour&quot; &quot;UNOFFICIAL SHORTCUT PHYSICAL_COLOUR&quot; VALUE</Keywords>
            <Keywords name="Keywords6">!MLCAD MLCAD</Keywords>
            <Keywords name="Keywords7">PAUSE PRINT SAVE NOSTEP STEP WRITE #AARRGGBB #RRGGBB decimal integer string</Keywords>
            <Keywords name="Keywords8">&quot;ROTSTEP END&quot; &quot;ROTATION AXLE&quot; &quot;ROTATION CENTER&quot; &quot;ROTATION CONFIG&quot; ABS ADD ARROW BTG BUFEXCHG FLEXHOSE GHOST HIDE REL RETRIEVE ROTATION ROTSTEP ROTSTEP SKIP_BEGIN SKIP_END STORE</Keywords>
            <Keywords name="Delimiters">00&quot; 01 02&quot; 03&lt; 04 05&gt; 06 07 08 09 10 11 12 13 14 15 16 17 18 19 20 21 22 23</Keywords>
        </KeywordLists>
        <Styles>
            <WordsStyle name="DEFAULT" fgColor="000000" bgColor="FFFFFF" fontStyle="0" nesting="0" />
            <WordsStyle name="COMMENTS" fgColor="008000" bgColor="FFFFFF" fontStyle="0" nesting="768" />
            <WordsStyle name="LINE COMMENTS" fgColor="008040" bgColor="FFFFFF" fontStyle="0" nesting="0" />
            <WordsStyle name="NUMBERS" fgColor="FF8040" bgColor="FFFFFF" fontStyle="0" nesting="0" />
            <WordsStyle name="KEYWORDS1" fgColor="800040" bgColor="FFFFFF" fontStyle="0" nesting="0" />
            <WordsStyle name="KEYWORDS2" fgColor="808040" bgColor="FFFFFF" fontStyle="0" nesting="0" />
            <WordsStyle name="KEYWORDS3" fgColor="FF0080" bgColor="FFFFFF" fontStyle="0" nesting="0" />
            <WordsStyle name="KEYWORDS4" fgColor="008000" bgColor="FFFFFF" fontStyle="0" nesting="0" />
            <WordsStyle name="KEYWORDS5" fgColor="0080FF" bgColor="FFFFFF" fontStyle="0" nesting="0" />
            <WordsStyle name="KEYWORDS6" fgColor="FF00FF" bgColor="FFFFFF" fontStyle="0" nesting="0" />
            <WordsStyle name="KEYWORDS7" fgColor="0000FF" bgColor="FFFFFF" fontStyle="0" nesting="0" />
            <WordsStyle name="KEYWORDS8" fgColor="0000A0" bgColor="FFFFFF" fontStyle="0" nesting="0" />
            <WordsStyle name="OPERATORS" fgColor="000000" bgColor="FFFFFF" fontStyle="0" nesting="0" />
            <WordsStyle name="FOLDER IN CODE1" fgColor="800000" bgColor="FFFFFF" fontStyle="0" nesting="0" />
            <WordsStyle name="FOLDER IN CODE2" fgColor="800040" bgColor="FFFFFF" fontStyle="0" nesting="0" />
            <WordsStyle name="FOLDER IN COMMENT" fgColor="000000" bgColor="FFFFFF" fontStyle="0" nesting="0" />
            <WordsStyle name="DELIMITERS1" fgColor="0000FF" bgColor="FFFFFF" fontStyle="0" nesting="65536" />
            <WordsStyle name="DELIMITERS2" fgColor="0000FF" bgColor="FFFFFF" fontStyle="0" nesting="67174400" />
            <WordsStyle name="DELIMITERS3" fgColor="000000" bgColor="FFFFFF" fontStyle="0" nesting="65536" />
            <WordsStyle name="DELIMITERS4" fgColor="000000" bgColor="FFFFFF" fontStyle="0" nesting="0" />
            <WordsStyle name="DELIMITERS5" fgColor="000000" bgColor="FFFFFF" fontStyle="0" nesting="0" />
            <WordsStyle name="DELIMITERS6" fgColor="000000" bgColor="FFFFFF" fontStyle="0" nesting="0" />
            <WordsStyle name="DELIMITERS7" fgColor="000000" bgColor="FFFFFF" fontStyle="0" nesting="0" />
            <WordsStyle name="DELIMITERS8" fgColor="000000" bgColor="FFFFFF" fontStyle="0" nesting="0" />
        </Styles>
    </UserLang>
</NotepadPlus>
