<?xml version="1.0" encoding="UTF-8"?>
<!--;;====================================================================;;-!>
;;============================== UDL for LPub3D =============================;;
;;============================================================================;;
;;
;; * User Defined Language for LPub3D meta commands for 
;;   LDraw (*.ldr), Multi Part Document (*.mpd) and Part (.dat) files.
;;
;; * Place this file in the '\userDefineLangs' folder (for version >= 7.6.4) or
;;   import it by the 'Language' > 'Define your language...' > 'Import...' menu
;;   (for any version)
;;
;;============================================================================;;
;;
;; Author......: Trevor SANDY
;; Name........: LPub3D_Npp_UDL.xml
;; Version.....: 2.4.2.19.2451
;; Last Update.: Fri, 06 Apr 2021 14:33:37 +0200
;; License.....: GPLv3
;; Homepage....: https://trevorsandy.github.io/lpub3d
;; Copyright (c) 2021 by Trevor SANDY
;;
<-;;======================================================================;;-->
<NotepadPlus>
    <UserLang name="LPUB3D" ext="mpd ldr dat" udlVersion="2.1">
        <Settings>
            <Global caseIgnored="no" allowFoldOfComments="no" foldCompact="yes" forcePureLC="2" decimalSeparator="0" />
            <Prefix Keywords1="no" Keywords2="no" Keywords3="no" Keywords4="no" Keywords5="no" Keywords6="no" Keywords7="no" Keywords8="no" />
        </Settings>
        <KeywordLists>
            <Keywords name="Comments">00// 01 02&quot;\r\n&quot; &quot;\n&quot; &quot;r&quot; 03 04</Keywords>
            <Keywords name="Numbers, prefix1">#</Keywords>
            <Keywords name="Numbers, prefix2"></Keywords>
            <Keywords name="Numbers, extras1"></Keywords>
            <Keywords name="Numbers, extras2"></Keywords>
            <Keywords name="Numbers, suffix1"></Keywords>
            <Keywords name="Numbers, suffix2"></Keywords>
            <Keywords name="Numbers, range"></Keywords>
            <Keywords name="Operators1"></Keywords>
            <Keywords name="Operators2"></Keywords>
            <Keywords name="Folders in code1, open"></Keywords>
            <Keywords name="Folders in code1, middle"></Keywords>
            <Keywords name="Folders in code1, close"></Keywords>
            <Keywords name="Folders in code2, open">FILE &quot;MULTI_STEP BEGIN&quot; &quot;CALLOUT BEGIN&quot; &quot;BUILD_MOD BEGIN&quot; &quot;PART BEGIN&quot; &quot;PLI BEGIN&quot; &quot;GROUP BEGIN&quot;</Keywords>
            <Keywords name="Folders in code2, middle">&quot;BUILD_MOD END_MOD&quot;</Keywords>
            <Keywords name="Folders in code2, close">NOFILE &quot;MULTI_STEP END&quot; &quot;CALLOUT END&quot; &quot;BUILD_MOD END&quot; &quot;PART END&quot; &quot;PLI END&quot; &quot;GROUP END&quot;</Keywords>
            <Keywords name="Folders in comment, open"></Keywords>
            <Keywords name="Folders in comment, middle"></Keywords>
            <Keywords name="Folders in comment, close"></Keywords>
            <Keywords name="Keywords1">ACTION ADJUST_ON_ITEM_OFFSET ALLOC ANNOTATE ANNOTATION APPLY APP_PLUG APP_PLUG_IMAGE AREA ASSEM AT_MODEL AT_STEP AT_TOP BACK BACKGROUND BASE_BOTTOM BASE_LEFT BASE_RIGHT BASE_TOP BEGIN BOM BORDER BOTTOM BOTTOM_LEFT BOTTOM_RIGHT BTG BUILD_MOD BUILD_MOD_ENABLED CALLOUT CAMERA_ANGLES CAMERA_FOV CAMERA_NAME CAMERA_DISTANCE_NATIVE CAMERA_TARGET CENTER CIRCLE_STYLE CLEAR COLOR COLS CONSOLIDATE_INSTANCE_COUNT CONSTRAIN CONTENT CONTINUOUS_STEP_NUMBERS CROSS COVER_PAGE DASH DASH_DOT DASH_DOT_DOT DISPLAY DISPLAY_MODEL DISPLAY_PAGE_NUMBER DIVIDER DIVIDER_POINTER DOCUMENT_AUTHOR DOCUMENT_AUTHOR_BACK DOCUMENT_AUTHOR_FRONT DOCUMENT_COVER_IMAGE DOCUMENT_LOGO_BACK DOCUMENT_LOGO_FRONT DOCUMENT_TITLE_BACK DOCUMENT_TITLE_FRONT DOT DPCM DPI ELEMENT ELEMENT_STYLE ENABLED END END_MOD END_SUB EXTENDED FACTOR FADE_STEP FILL FINAL_MODEL_ENABLED FIXED_ANNOTATIONS FLATTENED_LOGO FONT FONT_COLOR FREEFORM FRONT GENERATED GRADIENT GROUP GROUP_DEF GROUP_NXT HEIGHT HIDE HIGH_CONTRAST HIGH_CONTRAST_WITH_LOGO HIGHLIGHT_STEP HORIZONTAL ICON ID IGN IMAGE IMAGE_SIZE INCLUDE INCLUDE_SUBMODELS INSERT INSIDE INSTANCE_COUNT JUSTIFY_CENTER JUSTIFY_CENTER_HORIZONTAL JUSTIFY_CENTER_VERTICAL JUSTIFY_LEFT LANDSCAPE LDGLITE LDGLITE_PARMS LDVIEW LDVIEW_PARMS LDVIEW_POV_GENERATOR LEFT LEGO_DISCLAIMER LINE LINE_WIDTH LOCAL_LEGO_ELEMENTS_FILE MARGINS MODEL MODEL_CATEGORY MODEL_DESCRIPTION MODEL_ID MODEL_PARTS MODEL_SCALE MULTI_STEP NAME NATIVE NATIVE_POV_GENERATOR NONE NOSTEP NUMBER OPACITY ORIENTATION OUTIDE OUTSIDE PAGE PAGE_FOOTER PAGE_HEADER PAGE_LENGTH PAGE_POINTER PART PART_ELEMENTS PART_ROTATION PATH_CAP PATH_POINT PATH_SKIN PER_STEP PICTURE PLACEMENT PLAIN PLI POINTER POINTER_ATTRIBUTE PORTRAIT PREFERRED_RENDERER PRIMARY PRIMARY_DIRECTION POVRAY_PARMS PUBLISH_COPYRIGHT PUBLISH_COPYRIGHT_BACK PUBLISH_DESCRIPTION PUBLISH_EMAIL PUBLISH_EMAIL_BACK PUBLISH_URL PUBLISH_URL_BACK REMOVE RESERVE RESET RESOLUTION RICH_TEXT RIGHT ROTATED ROTATE_ICON ROUND ROUNDED_TOP_LOGO SCALE SCENE SECONDARY SEPARATOR SETUP SHARP_TOP_LOGO SHOW SHOW_STEP_NUMBER SHOW_TIP SHOW_TOP_MODEL SINGLE_CALL SIZE SOLID SORT SORT_BY SORT_OPTION SORT_ORDER SQUARE SQUARE_STYLE START_PAGE_NUMBER START_STEP_NUMBER STEPS STEP_NUMBER STEP_PLI STRETCH STUD_STYLE SUB SUBMODEL_BACKGROUND_COLOR SUBMODEL_COLOR SUBMODEL_DISPLAY SUBMODEL_FONT SUBMODEL_FONT_COLOR SUBMODEL_INSTANCE_COUNT SYNTHESIZED TERTIARY TEXT THICKNESS THIN_LINE_LOGO TILE TOGGLE_PAGE_NUMBER_PLACEMENT TOP TOP_LEFT TOP_RIGHT TRANSPARENT USE_FADE_COLOR USE_FREE_FORM USE_TITLE USE_TITLE_AND_FREE_FORM VERTICAL VIEW_ANGLE WHOLE WIDTH SUBMODEL_ROTATION FIXED_ANNOTATIONS ENABLE_STYLE OFFSET AXLE BEAM CABLE CONNECTOR HOSE PANEL</Keywords>
            <Keywords name="Keywords2">LOCAL GLOBAL</Keywords>
            <Keywords name="Keywords3">!LPUB LPUB PLIST !SYNTH SYNTH !LDCAD LDCAD !LEOCAD LEOCAD</Keywords>
            <Keywords name="Keywords4">FALSE TRUE</Keywords>
            <Keywords name="Keywords5">Author: BFC !CATEGORY CCW CERTIFY CLEAR !CMDLINE !COLOUR !HELP !HISTORY !KEYWORDS !LDRAW_ORG LDRAW_ORG !LICENSE Name: FILE NOFILE !HELP OFFICIAL &quot;ORIGINAL LDRAW&quot; !THEME &quot;Unofficial Model&quot; &quot;unofficial model&quot; &quot;UNOFFICIAL MODEL&quot; UN-OFFICIAL UNOFFICIAL &quot;~MOVED TO&quot; &quot;~moved to&quot; &quot;~Moved To&quot;</Keywords>
            <Keywords name="Keywords6">!MLCAD MLCAD</Keywords>
            <Keywords name="Keywords7">PAUSE PRINT SAVE NOSTEP STEP WRITE</Keywords>
            <Keywords name="Keywords8">ROTSTEP ROTATION &quot;ROTSTEP END&quot; &quot;ROTATION CENTER&quot; &quot;ROTATION CONFIG&quot; BUFEXCHG GHOST GROUP REL ABS ADD STORE RETRIEVE ARROW SKIP_BEGIN SKIP_END</Keywords>
            <Keywords name="Delimiters"></Keywords>
        </KeywordLists>
        <Styles>
            <WordsStyle name="DEFAULT" fgColor="000000" bgColor="FFFFFF" fontName="" fontStyle="0" nesting="0" />
            <WordsStyle name="COMMENTS" fgColor="000000" bgColor="FFFFFF" fontName="" fontStyle="0" nesting="0" />
            <WordsStyle name="LINE COMMENTS" fgColor="008040" bgColor="FFFFFF" fontName="" fontStyle="0" nesting="0" />
            <WordsStyle name="NUMBERS" fgColor="FF8040" bgColor="FFFFFF" fontName="" fontStyle="0" nesting="0" />
            <WordsStyle name="KEYWORDS1" fgColor="800040" bgColor="FFFFFF" fontName="" fontStyle="0" nesting="0" />
            <WordsStyle name="KEYWORDS2" fgColor="808040" bgColor="FFFFFF" fontName="" fontStyle="0" nesting="0" />
            <WordsStyle name="KEYWORDS3" fgColor="FF0080" bgColor="FFFFFF" fontName="" fontStyle="0" nesting="0" />
            <WordsStyle name="KEYWORDS4" fgColor="008000" bgColor="FFFFFF" fontName="" fontStyle="0" nesting="0" />
            <WordsStyle name="KEYWORDS5" fgColor="0080FF" bgColor="FFFFFF" fontName="" fontStyle="0" nesting="0" />
            <WordsStyle name="KEYWORDS6" fgColor="FF00FF" bgColor="FFFFFF" fontName="" fontStyle="0" nesting="0" />
            <WordsStyle name="KEYWORDS7" fgColor="0000FF" bgColor="FFFFFF" fontName="" fontStyle="0" nesting="0" />
            <WordsStyle name="KEYWORDS8" fgColor="0000A0" bgColor="FFFFFF" fontName="" fontStyle="0" nesting="0" />
            <WordsStyle name="OPERATORS" fgColor="000000" bgColor="FFFFFF" fontName="" fontStyle="0" nesting="0" />
            <WordsStyle name="FOLDER IN CODE1" fgColor="800000" bgColor="FFFFFF" fontName="" fontStyle="0" nesting="0" />
            <WordsStyle name="FOLDER IN CODE2" fgColor="800040" bgColor="FFFFFF" fontName="" fontStyle="0" nesting="0" />
            <WordsStyle name="FOLDER IN COMMENT" fgColor="000000" bgColor="FFFFFF" fontName="" fontStyle="0" nesting="0" />
            <WordsStyle name="DELIMITERS1" fgColor="000000" bgColor="FFFFFF" fontName="" fontStyle="0" nesting="0" />
            <WordsStyle name="DELIMITERS2" fgColor="000000" bgColor="FFFFFF" fontName="" fontStyle="0" nesting="0" />
            <WordsStyle name="DELIMITERS3" fgColor="000000" bgColor="FFFFFF" fontName="" fontStyle="0" nesting="0" />
            <WordsStyle name="DELIMITERS4" fgColor="000000" bgColor="FFFFFF" fontName="" fontStyle="0" nesting="0" />
            <WordsStyle name="DELIMITERS5" fgColor="000000" bgColor="FFFFFF" fontName="" fontStyle="0" nesting="0" />
            <WordsStyle name="DELIMITERS6" fgColor="000000" bgColor="FFFFFF" fontName="" fontStyle="0" nesting="0" />
            <WordsStyle name="DELIMITERS7" fgColor="000000" bgColor="FFFFFF" fontName="" fontStyle="0" nesting="0" />
            <WordsStyle name="DELIMITERS8" fgColor="000000" bgColor="FFFFFF" fontName="" fontStyle="0" nesting="0" />
        </Styles>
    </UserLang>
</NotepadPlus>
